source_name,cleaned_source_name,source_database,target_name,cleaned_target_name,target_database,sequence_identity,name_similarity,cleaner_source_name,cleaner_target_name,name_similarity_without_alleles,predicted_similarity,similarity_difference
vanA,vana,card,VanHAX,vanhax,resfinder,0.997,0.6666666666666667,vana,vanhax,0.6666666666666667,0.9911929731354441,0.32452630646877734
vanA,vana,ncbi,VanHAX,vanhax,resfinder,1.0,0.6666666666666667,vana,vanhax,0.6666666666666667,0.9950179259151908,0.32835125924852404
vanB,vanb,card,VanHBX,vanhbx,resfinder,0.991,0.6666666666666667,vanb,vanhbx,0.6666666666666667,0.9835430675759507,0.31687640090928393
vanB,vanb,ncbi,VanHBX,vanhbx,resfinder,0.991,0.6666666666666667,vanb,vanhbx,0.6666666666666667,0.9835430675759507,0.31687640090928393
FosB,fosb,card,fosBx1,fosbx1,ncbi,0.985,0.6666666666666667,fosb,fosbx,0.8,0.9758931620164573,0.17589316201645722
fosBx1,fosbx1,ncbi,FosB,fosb,card,0.985,0.6666666666666667,fosbx,fosb,0.8,0.9758931620164573,0.17589316201645722
fosBx1,fosbx1,ncbi,fosB1,fosb1,resfinder,0.992,0.8333333333333334,fosbx,fosb,0.8,0.9848180518358662,0.1848180518358662
tet(S),tets,ncbi,tet(S/M),tets/m,resfinder,0.998,0.6666666666666667,tets,tets/m,0.6666666666666667,0.9924679573953596,0.3258012907286929
rphA,rpha,card,rph,rph,ncbi,1.0,0.75,rpha,rph,0.75,0.9950179259151908,0.24501792591519078
rph,rph,ncbi,rphA,rpha,card,1.0,0.75,rph,rpha,0.75,0.9950179259151908,0.24501792591519078
gimA,gima,card,mgt,mgt,ncbi,1.0,0.0,gima,mgt,0.0,0.9950179259151908,0.9950179259151908
mgt,mgt,ncbi,gimA,gima,card,1.0,0.0,mgt,gima,0.0,0.9950179259151908,0.9950179259151908
CcrA,ccra,card,cfiA13,cfia13,ncbi,1.0,0.33333333333333337,ccra,cfia,0.5,0.9950179259151908,0.4950179259151908
CcrA,ccra,card,cfiA13,cfia13,resfinder,1.0,0.33333333333333337,ccra,cfia,0.5,0.9950179259151908,0.4950179259151908
cfiA13,cfia13,ncbi,CcrA,ccra,card,1.0,0.33333333333333337,cfia,ccra,0.5,0.9950179259151908,0.4950179259151908
mel,mel,card,mef(A),mefa,ncbi,0.995,0.5,mel,mefa,0.5,0.9886430046156129,0.48864300461561294
mel,mel,card,mef(A),mefa,resfinder,1.0,0.5,mel,mefa,0.5,0.9950179259151908,0.4950179259151908
mef(A),mefa,ncbi,mel,mel,card,0.995,0.5,mefa,mel,0.5,0.9886430046156129,0.48864300461561294
PC1 beta-lactamase (blaZ),pc1 betalactamase z,card,blaPC1,pc1,ncbi,0.96,0.1578947368421053,pc1 betalactamase z,pc,0.10526315789473684,0.9440185555185678,0.838755397623831
PC1 beta-lactamase (blaZ),pc1 betalactamase z,card,blaZ,z,resfinder,0.96,0.052631578947368474,pc1 betalactamase z,z,0.052631578947368474,0.9440185555185678,0.8913869765711994
blaPC1,pc1,ncbi,PC1 beta-lactamase (blaZ),pc1 betalactamase z,card,0.96,0.1578947368421053,pc,pc1 betalactamase z,0.10526315789473684,0.9440185555185678,0.838755397623831
blaPC1,pc1,ncbi,blaZ,z,resfinder,0.971,0.0,pc,z,0.0,0.9580433823776393,0.9580433823776393
EBR-1 beta-lactamase,ebr1 betalactamase,card,blaEBR-1,ebr1,ncbi,1.0,0.2222222222222222,ebr1 betalactamase,ebr,0.16666666666666663,0.9950179259151908,0.8283512592485242
EBR-1 beta-lactamase,ebr1 betalactamase,card,blaEBR-1,ebr1,resfinder,1.0,0.2222222222222222,ebr1 betalactamase,ebr,0.16666666666666663,0.9950179259151908,0.8283512592485242
blaEBR-1,ebr1,ncbi,EBR-1 beta-lactamase,ebr1 betalactamase,card,1.0,0.2222222222222222,ebr,ebr1 betalactamase,0.16666666666666663,0.9950179259151908,0.8283512592485242
tlrB conferring tylosin resistance,tlrb conferring tylosin resistance,card,erm(32),erm32,ncbi,1.0,0.05882352941176472,tlrb conferring tylosin resistance,erm,0.05882352941176472,0.9950179259151908,0.9361943965034261
tlrB conferring tylosin resistance,tlrb conferring tylosin resistance,card,erm(32),erm32,resfinder,0.952,0.05882352941176472,tlrb conferring tylosin resistance,erm,0.05882352941176472,0.9338186814392433,0.8749951520274786
erm(32),erm32,ncbi,tlrB conferring tylosin resistance,tlrb conferring tylosin resistance,card,1.0,0.05882352941176472,erm,tlrb conferring tylosin resistance,0.05882352941176472,0.9950179259151908,0.9361943965034261
ErmO-srmA,ermosrma,card,erm(O),ermo,ncbi,1.0,0.5,ermosrma,ermo,0.5,0.9950179259151908,0.4950179259151908
erm(O),ermo,ncbi,ErmO-srmA,ermosrma,card,1.0,0.5,ermo,ermosrma,0.5,0.9950179259151908,0.4950179259151908
OXA-12,oxa12,card,ampS,amps,resfinder,0.95,0.0,oxa,amps,0.0,0.9312687129194122,0.9312687129194122
blaOXA-12,oxa12,ncbi,ampS,amps,resfinder,0.95,0.0,oxa,amps,0.0,0.9312687129194122,0.9312687129194122
DHA-21,dha21,card,blaMOR,mor,resfinder,1.0,0.0,dha,mor,0.0,0.9950179259151908,0.9950179259151908
blaDHA-21,dha21,ncbi,blaMOR,mor,resfinder,1.0,0.0,dha,mor,0.0,0.9950179259151908,0.9950179259151908
LRA-13,lra13,card,blaOXA/blaLRA13,oxa/lra13,ncbi,1.0,0.5555555555555556,lra,oxa/lra13,0.33333333333333337,0.9950179259151908,0.6616845925818574
blaOXA/blaLRA13,oxa/lra13,ncbi,LRA-13,lra13,card,1.0,0.5555555555555556,oxa/lra13,lra,0.33333333333333337,0.9950179259151908,0.6616845925818574
AAC(6')-Iy,aac6'iy,card,aac(6')-Iaa,aac6'iaa,resfinder,0.993,0.75,aac6'iy,aac6'iaa,0.75,0.9860930360957818,0.2360930360957818
AAC(6')-Ib3,aac6'ib3,card,ant(3'')-Ii-aac(6')-IId,ant3''iiaac6'iid,resfinder,0.976,0.375,aac6'ib3,ant3''iiaac6'iid,0.375,0.9644183036772171,0.5894183036772171
aac(6')-Ib3,aac6'ib3,ncbi,ant(3'')-Ii-aac(6')-IId,ant3''iiaac6'iid,resfinder,0.976,0.375,aac6'ib3,ant3''iiaac6'iid,0.375,0.9644183036772171,0.5894183036772171
AAC(6')-Ib4,aac6'ib4,card,ant(3'')-Ii-aac(6')-IId,ant3''iiaac6'iid,resfinder,0.981,0.375,aac6'ib4,ant3''iiaac6'iid,0.375,0.970793224976795,0.595793224976795
aac(6')-Ib4,aac6'ib4,ncbi,ant(3'')-Ii-aac(6')-IId,ant3''iiaac6'iid,resfinder,0.981,0.375,aac6'ib4,ant3''iiaac6'iid,0.375,0.970793224976795,0.595793224976795
AAC(6')-Ib-SK,aac6'ibsk,card,aac(6')-kana,aac6'kana,ncbi,0.993,0.5555555555555556,aac6'ibsk,aac6'kana,0.5555555555555556,0.9860930360957818,0.4305374805402262
aac(6')-kana,aac6'kana,ncbi,AAC(6')-Ib-SK,aac6'ibsk,card,0.993,0.5555555555555556,aac6'kana,aac6'ibsk,0.5555555555555556,0.9860930360957818,0.4305374805402262
AAC(6')-Ie-APH(2'')-Ia,aac6'ieaph2''ia,card,aac(6')-aph(2''),aac6'aph2'',resfinder,1.0,0.7333333333333334,aac6'ieaph2''ia,aac6'aph2'',0.7333333333333334,0.9950179259151908,0.2616845925818574
aac(6')-Ie/aph(2'')-Ia,aac6'ie/aph2''ia,ncbi,aac(6')-aph(2''),aac6'aph2'',resfinder,0.997,0.6875,aac6'ie/aph2''ia,aac6'aph2'',0.6875,0.9911929731354441,0.3036929731354441
ANT(3'')-Ii-AAC(6')-IId fusion protein,ant3''iiaac6'iid fusion protein,card,ant(3'')-Ih/aac(6')-IId,ant3''ih/aac6'iid,ncbi,1.0,0.4516129032258065,ant3''iiaac6'iid fusion protein,ant3''ih/aac6'iid,0.4516129032258065,0.9950179259151908,0.5434050226893843
ANT(3'')-Ii-AAC(6')-IId fusion protein,ant3''iiaac6'iid fusion protein,card,ant(3'')-Ii-aac(6')-IId,ant3''iiaac6'iid,resfinder,1.0,0.5161290322580645,ant3''iiaac6'iid fusion protein,ant3''iiaac6'iid,0.5161290322580645,0.9950179259151908,0.4788888936571263
ant(3'')-Ih/aac(6')-IId,ant3''ih/aac6'iid,ncbi,ANT(3'')-Ii-AAC(6')-IId fusion protein,ant3''iiaac6'iid fusion protein,card,1.0,0.4516129032258065,ant3''ih/aac6'iid,ant3''iiaac6'iid fusion protein,0.4516129032258065,0.9950179259151908,0.5434050226893843
AAC(6')-30/AAC(6')-Ib' fusion protein,aac6'30/aac6'ib' fusion protein,card,aac(6')-30/aac(6')-Ib',aac6'30/aac6'ib',ncbi,1.0,0.5161290322580645,aac6'30/aac6'ib' fusion protein,aac6'30/aac6'ib',0.5161290322580645,0.9950179259151908,0.4788888936571263
AAC(6')-30/AAC(6')-Ib' fusion protein,aac6'30/aac6'ib' fusion protein,card,aac(6')-30-aac(6')-Ib',aac6'30aac6'ib',resfinder,1.0,0.4838709677419355,aac6'30/aac6'ib' fusion protein,aac6'30aac6'ib',0.4838709677419355,0.9950179259151908,0.5111469581732553
aac(6')-30/aac(6')-Ib',aac6'30/aac6'ib',ncbi,AAC(6')-30/AAC(6')-Ib' fusion protein,aac6'30/aac6'ib' fusion protein,card,1.0,0.5161290322580645,aac6'30/aac6'ib',aac6'30/aac6'ib' fusion protein,0.5161290322580645,0.9950179259151908,0.4788888936571263
AAC(3)-Ib/AAC(6')-Ib'',aac3ib/aac6'ib'',card,aac(3)-Ib-aac(6')-Ib,aac3ibaac6'ib,resfinder,1.0,0.8125,aac3ib/aac6'ib'',aac3ibaac6'ib,0.8125,0.9950179259151908,0.18251792591519078
aac(3)-Ib/aac(6')-Ib'',aac3ib/aac6'ib'',ncbi,aac(3)-Ib-aac(6')-Ib,aac3ibaac6'ib,resfinder,1.0,0.8125,aac3ib/aac6'ib'',aac3ibaac6'ib,0.8125,0.9950179259151908,0.18251792591519078
aadA1,aada1,ncbi,ant(3'')-Ia,ant3''ia,resfinder,0.996,0.125,aada,ant3''ia,0.25,0.9899179888755285,0.7399179888755285
ANT(4')-Ia,ant4'ia,card,aadD2,aadd2,ncbi,1.0,0.1428571428571429,ant4'ia,aadd,0.1428571428571429,0.9950179259151908,0.8521607830580479
aadD2,aadd2,ncbi,ANT(4')-Ia,ant4'ia,card,1.0,0.1428571428571429,aadd,ant4'ia,0.1428571428571429,0.9950179259151908,0.8521607830580479
aadD2,aadd2,ncbi,ant(4')-Ib,ant4'ib,resfinder,1.0,0.1428571428571429,aadd,ant4'ib,0.1428571428571429,0.9950179259151908,0.8521607830580479
aad(6),aad6,card,ant(6)-Ia,ant6ia,ncbi,0.996,0.33333333333333337,aad,ant,0.33333333333333337,0.9899179888755285,0.6565846555421951
aad(6),aad6,card,ant(6)-Ia,ant6ia,resfinder,0.996,0.33333333333333337,aad,ant,0.33333333333333337,0.9899179888755285,0.6565846555421951
ant(6)-Ia,ant6ia,ncbi,aad(6),aad6,card,0.996,0.33333333333333337,ant,aad,0.33333333333333337,0.9899179888755285,0.6565846555421951
APH(2'')-IIa,aph2''iia,card,aph(2'')-Ib,aph2''ib,resfinder,0.989,0.7777777777777778,aph2''iia,aph2''ib,0.7777777777777778,0.9809930990561195,0.20321532127834174
aph(2'')-IIa,aph2''iia,ncbi,aph(2'')-Ib,aph2''ib,resfinder,1.0,0.7777777777777778,aph2''iia,aph2''ib,0.7777777777777778,0.9950179259151908,0.217240148137413
APH(2'')-IIIa,aph2''iiia,card,aph(2'')-Ic,aph2''ic,resfinder,1.0,0.7,aph2''iiia,aph2''ic,0.7,0.9950179259151908,0.2950179259151908
aph(2'')-IIIa,aph2''iiia,ncbi,aph(2'')-Ic,aph2''ic,resfinder,1.0,0.7,aph2''iiia,aph2''ic,0.7,0.9950179259151908,0.2950179259151908
APH(2'')-IVa,aph2''iva,card,aph(2'')-Id,aph2''id,resfinder,1.0,0.7777777777777778,aph2''iva,aph2''id,0.7777777777777778,0.9950179259151908,0.217240148137413
aph(2'')-IVa,aph2''iva,ncbi,aph(2'')-Id,aph2''id,resfinder,1.0,0.7777777777777778,aph2''iva,aph2''id,0.7777777777777778,0.9950179259151908,0.217240148137413
Lactobacillus reuteri cat-TC,cattc,card,cat(pC194),catpc194,resfinder,0.992,0.5,cattc,catpc,0.8,0.9848180518358662,0.1848180518358662
cat-TC,cattc,ncbi,cat(pC194),catpc194,resfinder,0.992,0.5,cattc,catpc,0.8,0.9848180518358662,0.1848180518358662
Clostridium butyricum catB,catb,card,catA15,cata15,ncbi,1.0,0.5,catb,cata,0.75,0.9950179259151908,0.24501792591519078
catA15,cata15,ncbi,Clostridium butyricum catB,catb,card,1.0,0.5,cata,catb,0.75,0.9950179259151908,0.24501792591519078
catA15,cata15,ncbi,catB,catb,resfinder,1.0,0.5,cata,catb,0.75,0.9950179259151908,0.24501792591519078
catII,catii,card,catA2,cata2,ncbi,0.995,0.6,catii,cata,0.6,0.9886430046156129,0.38864300461561296
catA2,cata2,ncbi,catII,catii,card,0.995,0.6,cata,catii,0.6,0.9886430046156129,0.38864300461561296
catIII,catiii,card,catA3,cata3,ncbi,0.995,0.5,catiii,cata,0.5,0.9886430046156129,0.48864300461561294
catIII,catiii,card,catA3,cata3,resfinder,1.0,0.5,catiii,cata,0.5,0.9950179259151908,0.4950179259151908
catA3,cata3,ncbi,catIII,catiii,card,0.995,0.5,cata,catiii,0.5,0.9886430046156129,0.48864300461561294
catQ,catq,card,catA16,cata16,ncbi,0.954,0.5,catq,cata,0.75,0.9363686499590744,0.18636864995907443
catA16,cata16,ncbi,catQ,catq,card,0.954,0.5,cata,catq,0.75,0.9363686499590744,0.18636864995907443
catA16,cata16,ncbi,catQ,catq,resfinder,0.954,0.5,cata,catq,0.75,0.9363686499590744,0.18636864995907443
plasmid-encoded cat (pp-cat),plasmidencoded cat ppcat,card,catA1,cata1,ncbi,1.0,0.16666666666666663,plasmidencoded cat ppcat,cata,0.16666666666666663,0.9950179259151908,0.8283512592485242
plasmid-encoded cat (pp-cat),plasmidencoded cat ppcat,card,catA1,cata1,resfinder,1.0,0.16666666666666663,plasmidencoded cat ppcat,cata,0.16666666666666663,0.9950179259151908,0.8283512592485242
catA1,cata1,ncbi,plasmid-encoded cat (pp-cat),plasmidencoded cat ppcat,card,1.0,0.16666666666666663,cata,plasmidencoded cat ppcat,0.16666666666666663,0.9950179259151908,0.8283512592485242
clbB,clbb,card,clbC,clbc,ncbi,1.0,0.75,clbb,clbc,0.75,0.9950179259151908,0.24501792591519078
clbC,clbc,ncbi,clbB,clbb,card,1.0,0.75,clbc,clbb,0.75,0.9950179259151908,0.24501792591519078
clbC,clbc,card,clbB,clbb,ncbi,1.0,0.75,clbc,clbb,0.75,0.9950179259151908,0.24501792591519078
clbB,clbb,ncbi,clbC,clbc,card,1.0,0.75,clbb,clbc,0.75,0.9950179259151908,0.24501792591519078
otr(A),otra,ncbi,tet,tet,resfinder,1.0,0.25,otra,tet,0.25,0.9950179259151908,0.7450179259151908
SAT-2,sat2,card,estX/sat2,estx/sat2,ncbi,1.0,0.4444444444444444,sat,estx/sat2,0.33333333333333337,0.9950179259151908,0.6616845925818574
estX/sat2,estx/sat2,ncbi,SAT-2,sat2,card,1.0,0.4444444444444444,estx/sat2,sat,0.33333333333333337,0.9950179259151908,0.6616845925818574
vanE,vane,card,VanEXY,vanexy,resfinder,1.0,0.6666666666666667,vane,vanexy,0.6666666666666667,0.9950179259151908,0.32835125924852404
vanE,vane,ncbi,VanEXY,vanexy,resfinder,1.0,0.6666666666666667,vane,vanexy,0.6666666666666667,0.9950179259151908,0.32835125924852404
vanF,vanf,card,VanHFX,vanhfx,resfinder,0.997,0.6666666666666667,vanf,vanhfx,0.6666666666666667,0.9911929731354441,0.32452630646877734
vanF,vanf,ncbi,VanHFX,vanhfx,resfinder,0.997,0.6666666666666667,vanf,vanhfx,0.6666666666666667,0.9911929731354441,0.32452630646877734
vanG,vang,card,VanGXY,vangxy,resfinder,1.0,0.6666666666666667,vang,vangxy,0.6666666666666667,0.9950179259151908,0.32835125924852404
vanG,vang,ncbi,VanGXY,vangxy,resfinder,0.997,0.6666666666666667,vang,vangxy,0.6666666666666667,0.9911929731354441,0.32452630646877734
vanL,vanl,card,VanLXY,vanlxy,resfinder,1.0,0.6666666666666667,vanl,vanlxy,0.6666666666666667,0.9950179259151908,0.32835125924852404
vanL,vanl,ncbi,VanLXY,vanlxy,resfinder,1.0,0.6666666666666667,vanl,vanlxy,0.6666666666666667,0.9950179259151908,0.32835125924852404
vanM,vanm,card,VanHMX,vanhmx,resfinder,1.0,0.6666666666666667,vanm,vanhmx,0.6666666666666667,0.9950179259151908,0.32835125924852404
vanM,vanm,ncbi,VanHMX,vanhmx,resfinder,1.0,0.6666666666666667,vanm,vanhmx,0.6666666666666667,0.9950179259151908,0.32835125924852404
vanN,vann,card,VanNXY,vannxy,resfinder,1.0,0.6666666666666667,vann,vannxy,0.6666666666666667,0.9950179259151908,0.32835125924852404
vanN,vann,ncbi,VanNXY,vannxy,resfinder,1.0,0.6666666666666667,vann,vannxy,0.6666666666666667,0.9950179259151908,0.32835125924852404
vanHO,vanho,card,VanHOX,vanhox,resfinder,1.0,0.8333333333333334,vanho,vanhox,0.8333333333333334,0.9950179259151908,0.1616845925818574
vanH-O,vanho,ncbi,VanHOX,vanhox,resfinder,1.0,0.8333333333333334,vanho,vanhox,0.8333333333333334,0.9950179259151908,0.1616845925818574
vanXA,vanxa,card,VanX,vanx,resfinder,0.963,0.8,vanxa,vanx,0.8,0.9478435082983145,0.1478435082983145
vanX-A,vanxa,ncbi,VanX,vanx,resfinder,0.963,0.8,vanxa,vanx,0.8,0.9478435082983145,0.1478435082983145
vanTmL,vantml,card,vanTm,vantm,ncbi,1.0,0.8333333333333334,vantml,vantm,0.8333333333333334,0.9950179259151908,0.1616845925818574
vanTm,vantm,ncbi,vanTmL,vantml,card,1.0,0.8333333333333334,vantm,vantml,0.8333333333333334,0.9950179259151908,0.1616845925818574
vanTrL,vantrl,card,vanTr,vantr,ncbi,1.0,0.8333333333333334,vantrl,vantr,0.8333333333333334,0.9950179259151908,0.1616845925818574
vanTr,vantr,ncbi,vanTrL,vantrl,card,1.0,0.8333333333333334,vantr,vantrl,0.8333333333333334,0.9950179259151908,0.1616845925818574
vanXYG,vanxyg,card,vanXY,vanxy,ncbi,1.0,0.8333333333333334,vanxyg,vanxy,0.8333333333333334,0.9950179259151908,0.1616845925818574
vanXY,vanxy,ncbi,vanXYG,vanxyg,card,1.0,0.8333333333333334,vanxy,vanxyg,0.8333333333333334,0.9950179259151908,0.1616845925818574
cphA3,cpha3,card,blaCEPH-A3,cepha3,resfinder,1.0,0.8333333333333334,cpha,cepha,0.8,0.9950179259151908,0.19501792591519074
cphA3,cpha3,ncbi,blaCEPH-A3,cepha3,resfinder,1.0,0.8333333333333334,cpha,cepha,0.8,0.9950179259151908,0.19501792591519074
lsaE,lsae,card,lnu(B),lnub,ncbi,1.0,0.25,lsae,lnub,0.25,0.9950179259151908,0.7450179259151908
lnu(B),lnub,ncbi,lsaE,lsae,card,1.0,0.25,lnub,lsae,0.25,0.9950179259151908,0.7450179259151908
cfrA,cfra,card,cfr,cfr,ncbi,1.0,0.75,cfra,cfr,0.75,0.9950179259151908,0.24501792591519078
cfrA,cfra,card,cfr,cfr,resfinder,1.0,0.75,cfra,cfr,0.75,0.9950179259151908,0.24501792591519078
cfr,cfr,ncbi,cfrA,cfra,card,1.0,0.75,cfr,cfra,0.75,0.9950179259151908,0.24501792591519078
y56 beta-lactamase,y56 betalactamase,card,blaA,a,ncbi,0.959,0.05882352941176472,y56 betalactamase,a,0.05882352941176472,0.9427435712586523,0.8839200418468875
y56 beta-lactamase,y56 betalactamase,card,blaA,a,resfinder,0.985,0.05882352941176472,y56 betalactamase,a,0.05882352941176472,0.9758931620164573,0.9170696326046925
blaA,a,ncbi,y56 beta-lactamase,y56 betalactamase,card,0.959,0.05882352941176472,a,y56 betalactamase,0.05882352941176472,0.9427435712586523,0.8839200418468875
EXO-1,exo1,card,bla2a,2a,ncbi,1.0,0.0,exo,2a,0.0,0.9950179259151908,0.9950179259151908
bla2a,2a,ncbi,EXO-1,exo1,card,1.0,0.0,2a,exo,0.0,0.9950179259151908,0.9950179259151908
AAC(6')-Ib',aac6'ib',card,aac(6')-30-aac(6')-Ib',aac6'30aac6'ib',resfinder,0.981,0.5333333333333333,aac6'ib',aac6'30aac6'ib',0.5333333333333333,0.970793224976795,0.43745989164346166
aac(6')-Ib',aac6'ib',ncbi,aac(6')-30-aac(6')-Ib',aac6'30aac6'ib',resfinder,0.981,0.5333333333333333,aac6'ib',aac6'30aac6'ib',0.5333333333333333,0.970793224976795,0.43745989164346166
ANT(4')-Ib,ant4'ib,card,aadD,aadd,resfinder,1.0,0.1428571428571429,ant4'ib,aadd,0.1428571428571429,0.9950179259151908,0.8521607830580479
ANT(3'')-IIa,ant3''iia,card,aadA1,aada1,ncbi,0.996,0.11111111111111116,ant3''iia,aada,0.2222222222222222,0.9899179888755285,0.7676957666533063
Escherichia coli ampC beta-lactamase,ampc betalactamase,card,blaEC-8,ec8,ncbi,0.989,0.11111111111111116,ampc betalactamase,ec,0.11111111111111116,0.9809930990561195,0.8698819879450084
blaEC-8,ec8,ncbi,Escherichia coli ampC beta-lactamase,ampc betalactamase,card,0.989,0.11111111111111116,ec,ampc betalactamase,0.11111111111111116,0.9809930990561195,0.8698819879450084
Rhodobacter sphaeroides ampC beta-lactamase,ampc betalactamase,card,blaRHO,rho,ncbi,1.0,0.0,ampc betalactamase,rho,0.0,0.9950179259151908,0.9950179259151908
blaRHO,rho,ncbi,Rhodobacter sphaeroides ampC beta-lactamase,ampc betalactamase,card,1.0,0.0,rho,ampc betalactamase,0.0,0.9950179259151908,0.9950179259151908
Laribacter hongkongensis ampC beta-lactamase,ampc betalactamase,card,blaLHK-7,lhk7,ncbi,1.0,0.05555555555555558,ampc betalactamase,lhk,0.05555555555555558,0.9950179259151908,0.9394623703596352
blaLHK-7,lhk7,ncbi,Laribacter hongkongensis ampC beta-lactamase,ampc betalactamase,card,1.0,0.05555555555555558,lhk,ampc betalactamase,0.05555555555555558,0.9950179259151908,0.9394623703596352
HERA-1,hera1,card,blaHER-1,her1,ncbi,1.0,0.8,hera,her,0.75,0.9950179259151908,0.24501792591519078
blaHER-1,her1,ncbi,HERA-1,hera1,card,1.0,0.8,her,hera,0.75,0.9950179259151908,0.24501792591519078
blaHER-1,her1,ncbi,blaHERA-1,hera1,resfinder,1.0,0.8,her,hera,0.75,0.9950179259151908,0.24501792591519078
Agrobacterium fabrum chloramphenicol acetyltransferase,chloramphenicol acetyltransferase,card,catB1,catb1,ncbi,1.0,0.09090909090909094,chloramphenicol acetyltransferase,catb,0.09090909090909094,0.9950179259151908,0.9041088350060998
Agrobacterium fabrum chloramphenicol acetyltransferase,chloramphenicol acetyltransferase,card,catB1,catb1,resfinder,1.0,0.09090909090909094,chloramphenicol acetyltransferase,catb,0.09090909090909094,0.9950179259151908,0.9041088350060998
catB1,catb1,ncbi,Agrobacterium fabrum chloramphenicol acetyltransferase,chloramphenicol acetyltransferase,card,1.0,0.09090909090909094,catb,chloramphenicol acetyltransferase,0.09090909090909094,0.9950179259151908,0.9041088350060998
Campylobacter coli chloramphenicol acetyltransferase,chloramphenicol acetyltransferase,card,catA13,cata13,ncbi,0.961,0.12121212121212122,chloramphenicol acetyltransferase,cata,0.12121212121212122,0.9452935397784834,0.8240814185663622
catA13,cata13,ncbi,Campylobacter coli chloramphenicol acetyltransferase,chloramphenicol acetyltransferase,card,0.961,0.12121212121212122,cata,chloramphenicol acetyltransferase,0.12121212121212122,0.9452935397784834,0.8240814185663622
Streptococcus suis chloramphenicol acetyltransferase,chloramphenicol acetyltransferase,card,catA,cata,ncbi,1.0,0.12121212121212122,chloramphenicol acetyltransferase,cata,0.12121212121212122,0.9950179259151908,0.8738058047030696
Streptococcus suis chloramphenicol acetyltransferase,chloramphenicol acetyltransferase,card,cat(pC194),catpc194,resfinder,0.953,0.12121212121212122,chloramphenicol acetyltransferase,catpc,0.12121212121212122,0.9350936656991589,0.8138815444870376
catA,cata,ncbi,Streptococcus suis chloramphenicol acetyltransferase,chloramphenicol acetyltransferase,card,1.0,0.12121212121212122,cata,chloramphenicol acetyltransferase,0.12121212121212122,0.9950179259151908,0.8738058047030696
catA,cata,ncbi,cat(pC194),catpc194,resfinder,0.953,0.375,cata,catpc,0.6,0.9350936656991589,0.3350936656991589
clcD,clcd,card,cfr(B),cfrb,ncbi,1.0,0.25,clcd,cfrb,0.25,0.9950179259151908,0.7450179259151908
clcD,clcd,card,cfr(B),cfrb,resfinder,0.963,0.25,clcd,cfrb,0.25,0.9478435082983145,0.6978435082983145
cfr(B),cfrb,ncbi,clcD,clcd,card,1.0,0.25,cfrb,clcd,0.25,0.9950179259151908,0.7450179259151908
AAC(6')-Iag,aac6'iag,card,aacA48,aaca48,ncbi,1.0,0.375,aac6'iag,aaca,0.5,0.9950179259151908,0.4950179259151908
aacA48,aaca48,ncbi,AAC(6')-Iag,aac6'iag,card,1.0,0.375,aaca,aac6'iag,0.5,0.9950179259151908,0.4950179259151908
aacA48,aaca48,ncbi,aac(6')-Iag,aac6'iag,resfinder,1.0,0.375,aaca,aac6'iag,0.5,0.9950179259151908,0.4950179259151908
dfrA6 from Proteus mirabilis,dfra6 from proteus mirabilis,card,dfrA6,dfra6,ncbi,1.0,0.1785714285714286,dfra6 from proteus mirabilis,dfra,0.1428571428571429,0.9950179259151908,0.8521607830580479
dfrA6 from Proteus mirabilis,dfra6 from proteus mirabilis,card,dfrA6,dfra6,resfinder,1.0,0.1785714285714286,dfra6 from proteus mirabilis,dfra,0.1428571428571429,0.9950179259151908,0.8521607830580479
dfrA6,dfra6,ncbi,dfrA6 from Proteus mirabilis,dfra6 from proteus mirabilis,card,1.0,0.1785714285714286,dfra,dfra6 from proteus mirabilis,0.1428571428571429,0.9950179259151908,0.8521607830580479
HERA-2,hera2,card,blaHER-2,her2,ncbi,1.0,0.8,hera,her,0.75,0.9950179259151908,0.24501792591519078
blaHER-2,her2,ncbi,HERA-2,hera2,card,1.0,0.8,her,hera,0.75,0.9950179259151908,0.24501792591519078
blaHER-2,her2,ncbi,blaHERA-2,hera2,resfinder,1.0,0.8,her,hera,0.75,0.9950179259151908,0.24501792591519078
HERA-3,hera3,card,blaHER-3,her3,ncbi,1.0,0.8,hera,her,0.75,0.9950179259151908,0.24501792591519078
blaHER-3,her3,ncbi,HERA-3,hera3,card,1.0,0.8,her,hera,0.75,0.9950179259151908,0.24501792591519078
blaHER-3,her3,ncbi,blaHERA-3,hera3,resfinder,1.0,0.8,her,hera,0.75,0.9950179259151908,0.24501792591519078
HERA-4,hera4,card,blaHER-4,her4,ncbi,1.0,0.8,hera,her,0.75,0.9950179259151908,0.24501792591519078
blaHER-4,her4,ncbi,HERA-4,hera4,card,1.0,0.8,her,hera,0.75,0.9950179259151908,0.24501792591519078
blaHER-4,her4,ncbi,blaHERA-4,hera4,resfinder,1.0,0.8,her,hera,0.75,0.9950179259151908,0.24501792591519078
HERA-5,hera5,card,blaHER-5,her5,ncbi,1.0,0.8,hera,her,0.75,0.9950179259151908,0.24501792591519078
blaHER-5,her5,ncbi,HERA-5,hera5,card,1.0,0.8,her,hera,0.75,0.9950179259151908,0.24501792591519078
blaHER-5,her5,ncbi,blaHERA-5,hera5,resfinder,1.0,0.8,her,hera,0.75,0.9950179259151908,0.24501792591519078
HERA-6,hera6,card,blaHER-6,her6,ncbi,1.0,0.8,hera,her,0.75,0.9950179259151908,0.24501792591519078
blaHER-6,her6,ncbi,HERA-6,hera6,card,1.0,0.8,her,hera,0.75,0.9950179259151908,0.24501792591519078
blaHER-6,her6,ncbi,blaHERA-6,hera6,resfinder,1.0,0.8,her,hera,0.75,0.9950179259151908,0.24501792591519078
HERA-8,hera8,card,blaHER-8,her8,ncbi,1.0,0.8,hera,her,0.75,0.9950179259151908,0.24501792591519078
blaHER-8,her8,ncbi,HERA-8,hera8,card,1.0,0.8,her,hera,0.75,0.9950179259151908,0.24501792591519078
blaHER-8,her8,ncbi,blaHERA-8,hera8,resfinder,1.0,0.8,her,hera,0.75,0.9950179259151908,0.24501792591519078
OXA-724,oxa724,card,ampH,amph,resfinder,1.0,0.16666666666666663,oxa,amph,0.0,0.9950179259151908,0.9950179259151908
blaOXA-724,oxa724,ncbi,ampH,amph,resfinder,1.0,0.16666666666666663,oxa,amph,0.0,0.9950179259151908,0.9950179259151908
cmlA9,cmla9,card,floR2,flor2,ncbi,1.0,0.0,cmla,flor,0.0,0.9950179259151908,0.9950179259151908
floR2,flor2,ncbi,cmlA9,cmla9,card,1.0,0.0,flor,cmla,0.0,0.9950179259151908,0.9950179259151908
Trimethoprim-resistant dihydrofolate reductase DfrA42,trimethoprimresistant dihydrofolate reductase dfra42,card,dfrA42,dfra42,ncbi,1.0,0.11538461538461542,trimethoprimresistant dihydrofolate reductase dfra42,dfra,0.07692307692307687,0.9950179259151908,0.9180948489921139
dfrA42,dfra42,ncbi,Trimethoprim-resistant dihydrofolate reductase DfrA42,trimethoprimresistant dihydrofolate reductase dfra42,card,1.0,0.11538461538461542,dfra,trimethoprimresistant dihydrofolate reductase dfra42,0.07692307692307687,0.9950179259151908,0.9180948489921139
Trimethoprim-resistant dihydrofolate reductase DfrA43,trimethoprimresistant dihydrofolate reductase dfra43,card,dfrA43,dfra43,ncbi,1.0,0.11538461538461542,trimethoprimresistant dihydrofolate reductase dfra43,dfra,0.07692307692307687,0.9950179259151908,0.9180948489921139
dfrA43,dfra43,ncbi,Trimethoprim-resistant dihydrofolate reductase DfrA43,trimethoprimresistant dihydrofolate reductase dfra43,card,1.0,0.11538461538461542,dfra,trimethoprimresistant dihydrofolate reductase dfra43,0.07692307692307687,0.9950179259151908,0.9180948489921139
dfr22,dfr22,card,dfrA22,dfra22,ncbi,1.0,0.8333333333333334,dfr,dfra,0.75,0.9950179259151908,0.24501792591519078
dfr22,dfr22,card,dfrA22,dfra22,resfinder,0.975,0.8333333333333334,dfr,dfra,0.75,0.9631433194173016,0.21314331941730158
dfrA22,dfra22,ncbi,dfr22,dfr22,card,1.0,0.8333333333333334,dfra,dfr,0.75,0.9950179259151908,0.24501792591519078
AAC(6')-Ib,aac6'ib,card,ant(3'')-Ii-aac(6')-IId,ant3''iiaac6'iid,resfinder,0.979,0.375,aac6'ib,ant3''iiaac6'iid,0.375,0.9682432564569639,0.5932432564569639
catB8/aac(6')-Ib',catb8/aac6'ib',ncbi,AAC(6')-Ib9,aac6'ib9,card,0.982,0.5,catb8/aac6'ib',aac6'ib9,0.5,0.9720682092367106,0.47206820923671056
catB8/aac(6')-Ib',catb8/aac6'ib',ncbi,ant(3'')-Ii-aac(6')-IId,ant3''iiaac6'iid,resfinder,0.982,0.4375,catb8/aac6'ib',ant3''iiaac6'iid,0.4375,0.9720682092367106,0.5345682092367106
AAC(6')-Ib7,aac6'ib7,card,ant(3'')-Ih/aac(6')-IId,ant3''ih/aac6'iid,ncbi,0.975,0.3529411764705882,aac6'ib7,ant3''ih/aac6'iid,0.3529411764705882,0.9631433194173016,0.6102021429467134
AAC(6')-Ib7,aac6'ib7,card,ant(3'')-Ii-aac(6')-IId,ant3''iiaac6'iid,resfinder,0.975,0.375,aac6'ib7,ant3''iiaac6'iid,0.375,0.9631433194173016,0.5881433194173016
AAC(6')-Ib8,aac6'ib8,card,ant(3'')-Ij/aac(6')-Ib,ant3''ij/aac6'ib,ncbi,0.979,0.375,aac6'ib8,ant3''ij/aac6'ib,0.375,0.9682432564569639,0.5932432564569639
AAC(6')-Ib8,aac6'ib8,card,ant(3'')-Ii-aac(6')-IId,ant3''iiaac6'iid,resfinder,0.974,0.375,aac6'ib8,ant3''iiaac6'iid,0.375,0.961868335157386,0.586868335157386
AAC(6')-Ib9,aac6'ib9,card,catB8/aac(6')-Ib',catb8/aac6'ib',ncbi,0.981,0.5,aac6'ib9,catb8/aac6'ib',0.5,0.970793224976795,0.470793224976795
AAC(6')-Ib9,aac6'ib9,card,ant(3'')-Ii-aac(6')-IId,ant3''iiaac6'iid,resfinder,0.979,0.375,aac6'ib9,ant3''iiaac6'iid,0.375,0.9682432564569639,0.5932432564569639
AAC(6')-Ib10,aac6'ib10,card,catB8/aac(6')-Ib',catb8/aac6'ib',ncbi,0.975,0.4285714285714286,aac6'ib10,catb8/aac6'ib',0.4285714285714286,0.9631433194173016,0.534571890845873
AAC(6')-Ib10,aac6'ib10,card,aac(6')-Ib,aac6'ib,resfinder,0.982,0.7777777777777778,aac6'ib10,aac6'ib,0.7777777777777778,0.9720682092367106,0.19429043145893277
AAC(6')-Ib-Suzhou,aac6'ibsuzhou,card,aac(6')-Ib3,aac6'ib3,ncbi,0.988,0.5384615384615384,aac6'ibsuzhou,aac6'ib3,0.5384615384615384,0.979718114796204,0.44125657633466553
AAC(6')-Ib-Hangzhou,aac6'ibhangzhou,card,catB8/aac(6')-Ib',catb8/aac6'ib',ncbi,0.986,0.1333333333333333,aac6'ibhangzhou,catb8/aac6'ib',0.1333333333333333,0.9771681462763728,0.8438348129430395
aadA6/aadA10,aada6/aada10,card,aadA6,aada6,ncbi,0.95,0.41666666666666663,aada6/aada10,aada,0.33333333333333337,0.9312687129194122,0.5979353795860788
aadA6/aadA10,aada6/aada10,card,aadA10,aada10,resfinder,1.0,0.5,aada6/aada10,aada,0.33333333333333337,0.9950179259151908,0.6616845925818574
catI,cati,card,catA1,cata1,ncbi,1.0,0.6,cati,cata,0.75,0.9950179259151908,0.24501792591519078
catI,cati,card,catA1,cata1,resfinder,1.0,0.6,cati,cata,0.75,0.9950179259151908,0.24501792591519078
catD,catd,ncbi,catP,catp,card,0.997,0.75,catd,catp,0.75,0.9911929731354441,0.24119297313544408
catD,catd,ncbi,catP,catp,resfinder,0.997,0.75,catd,catp,0.75,0.9911929731354441,0.24119297313544408
Rhodococcus fascians cmr,cmr,card,cmrA,cmra,resfinder,1.0,0.75,cmr,cmra,0.75,0.9950179259151908,0.24501792591519078
vga(A),vgaa,ncbi,vga(A)V,vgaav,resfinder,1.0,0.8,vgaa,vgaav,0.8,0.9950179259151908,0.19501792591519074
linG,ling,card,lnu(F),lnuf,resfinder,1.0,0.25,ling,lnuf,0.25,0.9950179259151908,0.7450179259151908
Acinetobacter baumannii ampC beta-lactamase,ampc betalactamase,card,blaADC-11,adc11,ncbi,0.972,0.11111111111111116,ampc betalactamase,adc,0.11111111111111116,0.9593183666375549,0.8482072555264437
Acinetobacter baumannii ampC beta-lactamase,ampc betalactamase,card,blaADC-25,adc25,resfinder,0.961,0.11111111111111116,ampc betalactamase,adc,0.11111111111111116,0.9452935397784834,0.8341824286673722
blaADC-38,adc38,ncbi,Acinetobacter baumannii ampC beta-lactamase,ampc betalactamase,card,0.971,0.11111111111111116,adc,ampc betalactamase,0.11111111111111116,0.9580433823776393,0.8469322712665281
Enterococcus faecium chloramphenicol acetyltransferase,chloramphenicol acetyltransferase,card,cat(pC233),catpc233,resfinder,1.0,0.12121212121212122,chloramphenicol acetyltransferase,catpc,0.12121212121212122,0.9950179259151908,0.8738058047030696
Staphylococcus intermedius chloramphenicol acetyltransferase,chloramphenicol acetyltransferase,card,cat(pC221),catpc221,resfinder,0.981,0.12121212121212122,chloramphenicol acetyltransferase,catpc,0.12121212121212122,0.970793224976795,0.8495811037646738
Enterococcus faecalis chloramphenicol acetyltransferase,chloramphenicol acetyltransferase,card,cat(pC221),catpc221,resfinder,0.986,0.12121212121212122,chloramphenicol acetyltransferase,catpc,0.12121212121212122,0.9771681462763728,0.8559560250642516
Erm(O)-lrm,ermolrm,card,erm(O),ermo,resfinder,1.0,0.5714285714285714,ermolrm,ermo,0.5714285714285714,0.9950179259151908,0.4235893544866194
catII from Escherichia coli K-12,catii from escherichia coli k12,card,catA2,cata2,resfinder,1.0,0.16129032258064513,catii from escherichia coli k12,cata,0.12903225806451613,0.9950179259151908,0.8659856678506747
catA4,cata4,card,cat,cat,resfinder,1.0,0.6,cata,cat,0.75,0.9950179259151908,0.24501792591519078
aphA15,apha15,card,aph(3')-XV,aph3'xv,ncbi,0.95,0.4285714285714286,apha,aph3'xv,0.4285714285714286,0.9312687129194122,0.5026972843479836
aphA15,apha15,card,aph(3')-XV,aph3'xv,resfinder,1.0,0.4285714285714286,apha,aph3'xv,0.4285714285714286,0.9950179259151908,0.5664464973437622
VanHAX,vanhax,resfinder,vanA,vana,card,0.997,0.6666666666666667,vanhax,vana,0.6666666666666667,0.9911929731354441,0.32452630646877734
VanHAX,vanhax,resfinder,vanA,vana,ncbi,1.0,0.6666666666666667,vanhax,vana,0.6666666666666667,0.9950179259151908,0.32835125924852404
VanHBX,vanhbx,resfinder,vanB,vanb,card,0.991,0.6666666666666667,vanhbx,vanb,0.6666666666666667,0.9835430675759507,0.31687640090928393
VanHBX,vanhbx,resfinder,vanB,vanb,ncbi,0.991,0.6666666666666667,vanhbx,vanb,0.6666666666666667,0.9835430675759507,0.31687640090928393
fosB1,fosb1,resfinder,fosBx1,fosbx1,ncbi,0.992,0.8333333333333334,fosb,fosbx,0.8,0.9848180518358662,0.1848180518358662
cfiA13,cfia13,resfinder,CcrA,ccra,card,1.0,0.33333333333333337,cfia,ccra,0.5,0.9950179259151908,0.4950179259151908
mef(A),mefa,resfinder,mel,mel,card,1.0,0.5,mefa,mel,0.5,0.9950179259151908,0.4950179259151908
blaZ,z,resfinder,PC1 beta-lactamase (blaZ),pc1 betalactamase z,card,0.96,0.052631578947368474,z,pc1 betalactamase z,0.052631578947368474,0.9440185555185678,0.8913869765711994
blaZ,z,resfinder,blaPC1,pc1,ncbi,0.971,0.0,z,pc,0.0,0.9580433823776393,0.9580433823776393
blaEBR-1,ebr1,resfinder,EBR-1 beta-lactamase,ebr1 betalactamase,card,1.0,0.2222222222222222,ebr,ebr1 betalactamase,0.16666666666666663,0.9950179259151908,0.8283512592485242
blaMOR,mor,resfinder,DHA-21,dha21,card,1.0,0.0,mor,dha,0.0,0.9950179259151908,0.9950179259151908
blaMOR,mor,resfinder,blaDHA-21,dha21,ncbi,1.0,0.0,mor,dha,0.0,0.9950179259151908,0.9950179259151908
aac(6')-Ib-Suzhou,aac6'ibsuzhou,resfinder,aac(6')-Ib3,aac6'ib3,ncbi,0.988,0.5384615384615384,aac6'ibsuzhou,aac6'ib3,0.5384615384615384,0.979718114796204,0.44125657633466553
aac(6')-Ib-Hangzhou,aac6'ibhangzhou,resfinder,catB8/aac(6')-Ib',catb8/aac6'ib',ncbi,0.986,0.1333333333333333,aac6'ibhangzhou,catb8/aac6'ib',0.1333333333333333,0.9771681462763728,0.8438348129430395
aac(6')-aph(2''),aac6'aph2'',resfinder,AAC(6')-Ie-APH(2'')-Ia,aac6'ieaph2''ia,card,1.0,0.7333333333333334,aac6'aph2'',aac6'ieaph2''ia,0.7333333333333334,0.9950179259151908,0.2616845925818574
aac(6')-aph(2''),aac6'aph2'',resfinder,aac(6')-Ie/aph(2'')-Ia,aac6'ie/aph2''ia,ncbi,0.997,0.6875,aac6'aph2'',aac6'ie/aph2''ia,0.6875,0.9911929731354441,0.3036929731354441
ant(3'')-Ii-aac(6')-IId,ant3''iiaac6'iid,resfinder,ANT(3'')-Ii-AAC(6')-IId fusion protein,ant3''iiaac6'iid fusion protein,card,1.0,0.5161290322580645,ant3''iiaac6'iid,ant3''iiaac6'iid fusion protein,0.5161290322580645,0.9950179259151908,0.4788888936571263
aac(6')-30-aac(6')-Ib',aac6'30aac6'ib',resfinder,AAC(6')-30/AAC(6')-Ib' fusion protein,aac6'30/aac6'ib' fusion protein,card,1.0,0.4838709677419355,aac6'30aac6'ib',aac6'30/aac6'ib' fusion protein,0.4838709677419355,0.9950179259151908,0.5111469581732553
aac(3)-Ib-aac(6')-Ib,aac3ibaac6'ib,resfinder,AAC(3)-Ib/AAC(6')-Ib'',aac3ib/aac6'ib'',card,1.0,0.8125,aac3ibaac6'ib,aac3ib/aac6'ib'',0.8125,0.9950179259151908,0.18251792591519078
aac(3)-Ib-aac(6')-Ib,aac3ibaac6'ib,resfinder,aac(3)-Ib/aac(6')-Ib'',aac3ib/aac6'ib'',ncbi,1.0,0.8125,aac3ibaac6'ib,aac3ib/aac6'ib'',0.8125,0.9950179259151908,0.18251792591519078
aadA10,aada10,resfinder,aadA6/aadA10,aada6/aada10,card,1.0,0.5,aada,aada6/aada10,0.33333333333333337,0.9950179259151908,0.6616845925818574
ant(4')-Ib,ant4'ib,resfinder,aadD2,aadd2,ncbi,1.0,0.1428571428571429,ant4'ib,aadd,0.1428571428571429,0.9950179259151908,0.8521607830580479
ant(6)-Ia,ant6ia,resfinder,aad(6),aad6,card,0.996,0.33333333333333337,ant,aad,0.33333333333333337,0.9899179888755285,0.6565846555421951
aph(2'')-Ib,aph2''ib,resfinder,APH(2'')-IIa,aph2''iia,card,0.989,0.7777777777777778,aph2''ib,aph2''iia,0.7777777777777778,0.9809930990561195,0.20321532127834174
aph(2'')-Ib,aph2''ib,resfinder,aph(2'')-IIa,aph2''iia,ncbi,1.0,0.7777777777777778,aph2''ib,aph2''iia,0.7777777777777778,0.9950179259151908,0.217240148137413
aph(2'')-Ic,aph2''ic,resfinder,APH(2'')-IIIa,aph2''iiia,card,1.0,0.7,aph2''ic,aph2''iiia,0.7,0.9950179259151908,0.2950179259151908
aph(2'')-Ic,aph2''ic,resfinder,aph(2'')-IIIa,aph2''iiia,ncbi,1.0,0.7,aph2''ic,aph2''iiia,0.7,0.9950179259151908,0.2950179259151908
aph(2'')-Id,aph2''id,resfinder,APH(2'')-IVa,aph2''iva,card,1.0,0.7777777777777778,aph2''id,aph2''iva,0.7777777777777778,0.9950179259151908,0.217240148137413
aph(2'')-Id,aph2''id,resfinder,aph(2'')-IVa,aph2''iva,ncbi,1.0,0.7777777777777778,aph2''id,aph2''iva,0.7777777777777778,0.9950179259151908,0.217240148137413
catB,catb,resfinder,catA15,cata15,ncbi,1.0,0.5,catb,cata,0.75,0.9950179259151908,0.24501792591519078
catA1,cata1,resfinder,catI,cati,card,1.0,0.6,cata,cati,0.75,0.9950179259151908,0.24501792591519078
catA3,cata3,resfinder,catIII,catiii,card,1.0,0.5,cata,catiii,0.5,0.9950179259151908,0.4950179259151908
catQ,catq,resfinder,catA16,cata16,ncbi,0.954,0.5,catq,cata,0.75,0.9363686499590744,0.18636864995907443
cmrA,cmra,resfinder,Rhodococcus fascians cmr,cmr,card,1.0,0.75,cmra,cmr,0.75,0.9950179259151908,0.24501792591519078
lnu(F),lnuf,resfinder,linG,ling,card,1.0,0.25,lnuf,ling,0.25,0.9950179259151908,0.7450179259151908
VanEXY,vanexy,resfinder,vanE,vane,card,1.0,0.6666666666666667,vanexy,vane,0.6666666666666667,0.9950179259151908,0.32835125924852404
VanEXY,vanexy,resfinder,vanE,vane,ncbi,1.0,0.6666666666666667,vanexy,vane,0.6666666666666667,0.9950179259151908,0.32835125924852404
VanHFX,vanhfx,resfinder,vanF,vanf,card,0.997,0.6666666666666667,vanhfx,vanf,0.6666666666666667,0.9911929731354441,0.32452630646877734
VanHFX,vanhfx,resfinder,vanF,vanf,ncbi,0.997,0.6666666666666667,vanhfx,vanf,0.6666666666666667,0.9911929731354441,0.32452630646877734
VanGXY,vangxy,resfinder,vanG,vang,card,1.0,0.6666666666666667,vangxy,vang,0.6666666666666667,0.9950179259151908,0.32835125924852404
VanGXY,vangxy,resfinder,vanG,vang,ncbi,0.997,0.6666666666666667,vangxy,vang,0.6666666666666667,0.9911929731354441,0.32452630646877734
VanLXY,vanlxy,resfinder,vanL,vanl,card,1.0,0.6666666666666667,vanlxy,vanl,0.6666666666666667,0.9950179259151908,0.32835125924852404
VanLXY,vanlxy,resfinder,vanL,vanl,ncbi,1.0,0.6666666666666667,vanlxy,vanl,0.6666666666666667,0.9950179259151908,0.32835125924852404
VanHMX,vanhmx,resfinder,vanM,vanm,card,1.0,0.6666666666666667,vanhmx,vanm,0.6666666666666667,0.9950179259151908,0.32835125924852404
VanHMX,vanhmx,resfinder,vanM,vanm,ncbi,1.0,0.6666666666666667,vanhmx,vanm,0.6666666666666667,0.9950179259151908,0.32835125924852404
VanNXY,vannxy,resfinder,vanN,vann,card,1.0,0.6666666666666667,vannxy,vann,0.6666666666666667,0.9950179259151908,0.32835125924852404
VanNXY,vannxy,resfinder,vanN,vann,ncbi,1.0,0.6666666666666667,vannxy,vann,0.6666666666666667,0.9950179259151908,0.32835125924852404
VanHOX,vanhox,resfinder,vanHO,vanho,card,1.0,0.8333333333333334,vanhox,vanho,0.8333333333333334,0.9950179259151908,0.1616845925818574
VanHOX,vanhox,resfinder,vanH-O,vanho,ncbi,1.0,0.8333333333333334,vanhox,vanho,0.8333333333333334,0.9950179259151908,0.1616845925818574
VanX,vanx,resfinder,vanXA,vanxa,card,0.963,0.8,vanx,vanxa,0.8,0.9478435082983145,0.1478435082983145
VanX,vanx,resfinder,vanX-A,vanxa,ncbi,0.963,0.8,vanx,vanxa,0.8,0.9478435082983145,0.1478435082983145
blaCEPH-A3,cepha3,resfinder,cphA3,cpha3,card,1.0,0.8333333333333334,cepha,cpha,0.8,0.9950179259151908,0.19501792591519074
blaCEPH-A3,cepha3,resfinder,cphA3,cpha3,ncbi,1.0,0.8333333333333334,cepha,cpha,0.8,0.9950179259151908,0.19501792591519074
cfr,cfr,resfinder,cfrA,cfra,card,1.0,0.75,cfr,cfra,0.75,0.9950179259151908,0.24501792591519078
blaA,a,resfinder,y56 beta-lactamase,y56 betalactamase,card,0.985,0.05882352941176472,a,y56 betalactamase,0.05882352941176472,0.9758931620164573,0.9170696326046925
qacH,qach,card,qacZ,qacz,resfinder,0.953,0.75,qach,qacz,0.75,0.9350936656991589,0.18509366569915886
qacZ,qacz,resfinder,qacH,qach,card,0.953,0.75,qacz,qach,0.75,0.9350936656991589,0.18509366569915886
aadD,aadd,resfinder,ANT(4')-Ib,ant4'ib,card,1.0,0.1428571428571429,aadd,ant4'ib,0.1428571428571429,0.9950179259151908,0.8521607830580479
ant(3'')-Ia,ant3''ia,resfinder,aadA1,aada1,ncbi,0.996,0.125,ant3''ia,aada,0.25,0.9899179888755285,0.7399179888755285
blaHERA-1,hera1,resfinder,blaHER-1,her1,ncbi,1.0,0.8,hera,her,0.75,0.9950179259151908,0.24501792591519078
catB1,catb1,resfinder,Agrobacterium fabrum chloramphenicol acetyltransferase,chloramphenicol acetyltransferase,card,1.0,0.09090909090909094,catb,chloramphenicol acetyltransferase,0.09090909090909094,0.9950179259151908,0.9041088350060998
cat(pC194),catpc194,resfinder,Streptococcus suis chloramphenicol acetyltransferase,chloramphenicol acetyltransferase,card,0.953,0.12121212121212122,catpc,chloramphenicol acetyltransferase,0.12121212121212122,0.9350936656991589,0.8138815444870376
cat(pC194),catpc194,resfinder,catA,cata,ncbi,0.953,0.375,catpc,cata,0.6,0.9350936656991589,0.3350936656991589
cat(pC233),catpc233,resfinder,Enterococcus faecium chloramphenicol acetyltransferase,chloramphenicol acetyltransferase,card,1.0,0.12121212121212122,catpc,chloramphenicol acetyltransferase,0.12121212121212122,0.9950179259151908,0.8738058047030696
cat(pC221),catpc221,resfinder,Staphylococcus intermedius chloramphenicol acetyltransferase,chloramphenicol acetyltransferase,card,0.981,0.12121212121212122,catpc,chloramphenicol acetyltransferase,0.12121212121212122,0.970793224976795,0.8495811037646738
aac(6')-Iag,aac6'iag,resfinder,aacA48,aaca48,ncbi,1.0,0.375,aac6'iag,aaca,0.5,0.9950179259151908,0.4950179259151908
dfrA6,dfra6,resfinder,dfrA6 from Proteus mirabilis,dfra6 from proteus mirabilis,card,1.0,0.1785714285714286,dfra,dfra6 from proteus mirabilis,0.1428571428571429,0.9950179259151908,0.8521607830580479
erm(O),ermo,resfinder,Erm(O)-lrm,ermolrm,card,1.0,0.5714285714285714,ermo,ermolrm,0.5714285714285714,0.9950179259151908,0.4235893544866194
catA2,cata2,resfinder,catII from Escherichia coli K-12,catii from escherichia coli k12,card,1.0,0.16129032258064513,cata,catii from escherichia coli k12,0.12903225806451613,0.9950179259151908,0.8659856678506747
cat,cat,resfinder,catA4,cata4,card,1.0,0.6,cat,cata,0.75,0.9950179259151908,0.24501792591519078
aph(3')-XV,aph3'xv,resfinder,aphA15,apha15,card,1.0,0.4285714285714286,aph3'xv,apha,0.4285714285714286,0.9950179259151908,0.5664464973437622
blaHERA-2,hera2,resfinder,blaHER-2,her2,ncbi,1.0,0.8,hera,her,0.75,0.9950179259151908,0.24501792591519078
blaHERA-3,hera3,resfinder,blaHER-3,her3,ncbi,1.0,0.8,hera,her,0.75,0.9950179259151908,0.24501792591519078
blaHERA-4,hera4,resfinder,blaHER-4,her4,ncbi,1.0,0.8,hera,her,0.75,0.9950179259151908,0.24501792591519078
blaHERA-5,hera5,resfinder,blaHER-5,her5,ncbi,1.0,0.8,hera,her,0.75,0.9950179259151908,0.24501792591519078
blaHERA-6,hera6,resfinder,blaHER-6,her6,ncbi,1.0,0.8,hera,her,0.75,0.9950179259151908,0.24501792591519078
blaHERA-8,hera8,resfinder,blaHER-8,her8,ncbi,1.0,0.8,hera,her,0.75,0.9950179259151908,0.24501792591519078
ampH,amph,resfinder,OXA-724,oxa724,card,1.0,0.16666666666666663,amph,oxa,0.0,0.9950179259151908,0.9950179259151908
ampH,amph,resfinder,blaOXA-724,oxa724,ncbi,1.0,0.16666666666666663,amph,oxa,0.0,0.9950179259151908,0.9950179259151908
qacL,qacl,card,qacH,qach,resfinder,0.963,0.75,qacl,qach,0.75,0.9478435082983145,0.19784350829831454
qacH,qach,resfinder,qacL,qacl,card,0.963,0.75,qach,qacl,0.75,0.9478435082983145,0.19784350829831454
aac(6')-Ib-cr,aac6'ibcr,resfinder,catB8/aac(6')-Ib',catb8/aac6'ib',ncbi,0.954,0.4285714285714286,aac6'ibcr,catb8/aac6'ib',0.4285714285714286,0.9363686499590744,0.5077972213876458
dfrA22,dfra22,resfinder,dfr22,dfr22,card,0.975,0.8333333333333334,dfra,dfr,0.75,0.9631433194173016,0.21314331941730158
ampS,amps,resfinder,blaOXA-725,oxa725,ncbi,1.0,0.16666666666666663,amps,oxa,0.0,0.9950179259151908,0.9950179259151908
ant(3'')-Ih-aac(6')-IId,ant3''ihaac6'iid,resfinder,ANT(3'')-Ii-AAC(6')-IId fusion protein,ant3''iiaac6'iid fusion protein,card,1.0,0.4838709677419355,ant3''ihaac6'iid,ant3''iiaac6'iid fusion protein,0.4838709677419355,0.9950179259151908,0.5111469581732553
aac(6')-Ib,aac6'ib,resfinder,AAC(6')-Ib10,aac6'ib10,card,0.984,0.7777777777777778,aac6'ib,aac6'ib10,0.7777777777777778,0.9746181777565417,0.1968403999787639
aac(6')-Ib,aac6'ib,resfinder,catB8/aac(6')-Ib',catb8/aac6'ib',ncbi,0.979,0.5,aac6'ib,catb8/aac6'ib',0.5,0.9682432564569639,0.46824325645696385
blaSPU-1,spu1,resfinder,blaCSP-1,csp1,ncbi,1.0,0.5,spu,csp,0.33333333333333337,0.9950179259151908,0.6616845925818574
vga(A)V,vgaav,resfinder,vga(A),vgaa,ncbi,1.0,0.8,vgaav,vgaa,0.8,0.9950179259151908,0.19501792591519074
aacA57-2,aaca572,ncbi,AAC(6')-Ian,aac6'ian,card,0.96,0.375,aaca,aac6'ian,0.5,0.9440185555185678,0.44401855551856784
aacA57-2,aaca572,ncbi,aac(6')-Ian,aac6'ian,resfinder,0.96,0.375,aaca,aac6'ian,0.5,0.9440185555185678,0.44401855551856784
aacA16,aaca16,ncbi,AAC(6')-Ip,aac6'ip,card,1.0,0.4285714285714286,aaca,aac6'ip,0.4285714285714286,0.9950179259151908,0.5664464973437622
aacA16,aaca16,ncbi,aac(6')-Ip,aac6'ip,resfinder,1.0,0.4285714285714286,aaca,aac6'ip,0.4285714285714286,0.9950179259151908,0.5664464973437622
blaADC-26,adc26,ncbi,Acinetobacter baumannii ampC beta-lactamase,ampc betalactamase,card,0.967,0.11111111111111116,adc,ampc betalactamase,0.11111111111111116,0.952943445337977,0.8418323342268659
blaEC-5,ec5,ncbi,Escherichia coli ampC beta-lactamase,ampc betalactamase,card,0.973,0.11111111111111116,ec,ampc betalactamase,0.11111111111111116,0.9605933508974704,0.8494822397863593
cfiA14,cfia14,ncbi,CcrA,ccra,card,0.981,0.33333333333333337,cfia,ccra,0.5,0.970793224976795,0.470793224976795
cfiA4,cfia4,ncbi,CcrA,ccra,card,0.975,0.4,cfia,ccra,0.5,0.9631433194173016,0.4631433194173016
blaOXA-725,oxa725,ncbi,ampS,amps,resfinder,1.0,0.16666666666666663,oxa,amps,0.0,0.9950179259151908,0.9950179259151908
aph(6),aph6,ncbi,aph(3')-IIc,aph3'iic,resfinder,1.0,0.375,aph,aph3'iic,0.375,0.9950179259151908,0.6200179259151908
cfiA2,cfia2,ncbi,CcrA,ccra,card,0.978,0.4,cfia,ccra,0.5,0.9669682721970483,0.4669682721970483
blaADC-222,adc222,ncbi,Acinetobacter baumannii ampC beta-lactamase,ampc betalactamase,card,0.963,0.11111111111111116,adc,ampc betalactamase,0.11111111111111116,0.9478435082983145,0.8367323971872034
blaADC-50,adc50,ncbi,Acinetobacter baumannii ampC beta-lactamase,ampc betalactamase,card,0.96,0.11111111111111116,adc,ampc betalactamase,0.11111111111111116,0.9440185555185678,0.8329074444074567
blaLAT-3,lat3,ncbi,CMY-2,cmy2,card,0.974,0.0,lat,cmy,0.0,0.961868335157386,0.961868335157386
blaLAT-3,lat3,ncbi,blaCMY-2b,cmy2b,resfinder,1.0,0.0,lat,cmy,0.0,0.9950179259151908,0.9950179259151908
blaSRT-3,srt3,ncbi,blaSST-1,sst1,resfinder,0.95,0.5,srt,sst,0.6666666666666667,0.9312687129194122,0.2646020462527454
blaOXA-912,oxa912,ncbi,ampS,amps,resfinder,0.956,0.16666666666666663,oxa,amps,0.0,0.9389186184789056,0.9389186184789056
aac(6')-30,aac6'30,ncbi,AAC(6')-30/AAC(6')-Ib' fusion protein,aac6'30/aac6'ib' fusion protein,card,0.966,0.22580645161290325,aac6'30,aac6'30/aac6'ib' fusion protein,0.22580645161290325,0.9516684610780615,0.7258620094651582
aac(6')-30,aac6'30,ncbi,aac(6')-30-aac(6')-Ib',aac6'30aac6'ib',resfinder,0.966,0.4666666666666667,aac6'30,aac6'30aac6'ib',0.4666666666666667,0.9516684610780615,0.4850017944113948
blaADC-184,adc184,ncbi,Acinetobacter baumannii ampC beta-lactamase,ampc betalactamase,card,0.962,0.11111111111111116,adc,ampc betalactamase,0.11111111111111116,0.946568524038399,0.8354574129272878
blaEC-15,ec15,ncbi,Escherichia coli ampC beta-lactamase,ampc betalactamase,card,0.965,0.11111111111111116,ec,ampc betalactamase,0.11111111111111116,0.9503934768181459,0.8392823657070347
cfiA11,cfia11,ncbi,CcrA,ccra,card,0.972,0.33333333333333337,cfia,ccra,0.5,0.9593183666375549,0.4593183666375549
grm,grm,ncbi,grmB,grmb,resfinder,1.0,0.75,grm,grmb,0.75,0.9950179259151908,0.24501792591519078
tet(O/W/32/O),teto/w/32/o,ncbi,tet(O/W/32/O/W/O),teto/w/32/o/w/o,resfinder,1.0,0.7333333333333334,teto/w/32/o,teto/w/32/o/w/o,0.7333333333333334,0.9950179259151908,0.2616845925818574
blaCSP-1,csp1,ncbi,blaSPU-1,spu1,resfinder,1.0,0.5,csp,spu,0.33333333333333337,0.9950179259151908,0.6616845925818574
blaEC-13,ec13,ncbi,Escherichia coli ampC beta-lactamase,ampc betalactamase,card,0.967,0.11111111111111116,ec,ampc betalactamase,0.11111111111111116,0.952943445337977,0.8418323342268659
blaEC-14,ec14,ncbi,Escherichia coli ampC beta-lactamase,ampc betalactamase,card,0.966,0.11111111111111116,ec,ampc betalactamase,0.11111111111111116,0.9516684610780615,0.8405573499669503
blaEC-16,ec16,ncbi,Escherichia coli ampC beta-lactamase,ampc betalactamase,card,0.966,0.11111111111111116,ec,ampc betalactamase,0.11111111111111116,0.9516684610780615,0.8405573499669503
blaEC-18,ec18,ncbi,Escherichia coli ampC beta-lactamase,ampc betalactamase,card,0.965,0.11111111111111116,ec,ampc betalactamase,0.11111111111111116,0.9503934768181459,0.8392823657070347
blaEC-19,ec19,ncbi,Escherichia coli ampC beta-lactamase,ampc betalactamase,card,0.968,0.11111111111111116,ec,ampc betalactamase,0.11111111111111116,0.9542184295978926,0.8431073184867814
blaMBL1b,mbl1b,ncbi,CAU-1,cau1,card,0.962,0.19999999999999996,mbl,cau,0.0,0.946568524038399,0.946568524038399
blaMOR-2,mor2,ncbi,DHA-20,dha20,card,0.954,0.19999999999999996,mor,dha,0.0,0.9363686499590744,0.9363686499590744
cfiA10,cfia10,ncbi,CcrA,ccra,card,0.974,0.33333333333333337,cfia,ccra,0.5,0.961868335157386,0.461868335157386
cfiA8,cfia8,ncbi,CcrA,ccra,card,0.973,0.4,cfia,ccra,0.5,0.9605933508974704,0.46059335089747044
cfiA9,cfia9,ncbi,CcrA,ccra,card,0.974,0.4,cfia,ccra,0.5,0.961868335157386,0.461868335157386
blaADC-107,adc107,ncbi,Acinetobacter baumannii ampC beta-lactamase,ampc betalactamase,card,0.959,0.11111111111111116,adc,ampc betalactamase,0.11111111111111116,0.9427435712586523,0.8316324601475411
aacA32,aaca32,ncbi,AAC(6')-32,aac6'32,card,0.963,0.7142857142857143,aaca,aac6'32,0.4285714285714286,0.9478435082983145,0.5192720797268859
aacA32,aaca32,ncbi,aac(6')-32,aac6'32,resfinder,0.963,0.7142857142857143,aaca,aac6'32,0.4285714285714286,0.9478435082983145,0.5192720797268859
aac(6')-Ib,aac6'ib,ncbi,ant(3'')-Ii-aac(6')-IId,ant3''iiaac6'iid,resfinder,0.966,0.375,aac6'ib,ant3''iiaac6'iid,0.375,0.9516684610780615,0.5766684610780615
cfiA19,cfia19,ncbi,CcrA,ccra,card,0.984,0.33333333333333337,cfia,ccra,0.5,0.9746181777565417,0.4746181777565417
cfiA22,cfia22,ncbi,CcrA,ccra,card,0.978,0.33333333333333337,cfia,ccra,0.5,0.9669682721970483,0.4669682721970483
cfiA23,cfia23,ncbi,CcrA,ccra,card,0.983,0.33333333333333337,cfia,ccra,0.5,0.9733431934966261,0.4733431934966261
cfiA24,cfia24,ncbi,CcrA,ccra,card,0.972,0.33333333333333337,cfia,ccra,0.5,0.9593183666375549,0.4593183666375549
cfiA18,cfia18,ncbi,CcrA,ccra,card,0.975,0.33333333333333337,cfia,ccra,0.5,0.9631433194173016,0.4631433194173016
cfiA17,cfia17,ncbi,CcrA,ccra,card,0.972,0.33333333333333337,cfia,ccra,0.5,0.9593183666375549,0.4593183666375549
cfiA21,cfia21,ncbi,CcrA,ccra,card,0.966,0.33333333333333337,cfia,ccra,0.5,0.9516684610780615,0.45166846107806147
blaOXA-726,oxa726,ncbi,ampH,amph,resfinder,0.978,0.16666666666666663,oxa,amph,0.0,0.9669682721970483,0.9669682721970483
blaOXA-729,oxa729,ncbi,blaOXA-SHE,oxashe,resfinder,1.0,0.5,oxa,oxashe,0.5,0.9950179259151908,0.4950179259151908
blaEBR-4,ebr4,ncbi,EBR-1 beta-lactamase,ebr1 betalactamase,card,0.964,0.16666666666666663,ebr,ebr1 betalactamase,0.16666666666666663,0.9491184925582301,0.7824518258915635
aac(6')-Ib-cr10,aac6'ibcr10,ncbi,AAC(6')-Ib-cr5,aac6'ibcr5,card,0.975,0.8181818181818181,aac6'ibcr10,aac6'ibcr5,0.8181818181818181,0.9631433194173016,0.14496150123548346
aac(6')-Ib-cr10,aac6'ibcr10,ncbi,aac(6')-Ib-cr,aac6'ibcr,resfinder,0.971,0.8181818181818181,aac6'ibcr10,aac6'ibcr,0.8181818181818181,0.9580433823776393,0.1398615641958212
blaADC-66,adc66,ncbi,Acinetobacter baumannii ampC beta-lactamase,ampc betalactamase,card,0.967,0.11111111111111116,adc,ampc betalactamase,0.11111111111111116,0.952943445337977,0.8418323342268659
blaEBR-3,ebr3,ncbi,EBR-1 beta-lactamase,ebr1 betalactamase,card,0.971,0.16666666666666663,ebr,ebr1 betalactamase,0.16666666666666663,0.9580433823776393,0.7913767157109727
blaMOX-14,mox14,ncbi,CMY-10,cmy10,card,0.958,0.19999999999999996,mox,cmy,0.0,0.9414685869987367,0.9414685869987367
blaMOX-14,mox14,ncbi,blaCMY-10,cmy10,resfinder,0.958,0.19999999999999996,mox,cmy,0.0,0.9414685869987367,0.9414685869987367
aac(6')-Ib-cr11,aac6'ibcr11,ncbi,AAC(6')-Ib-cr5,aac6'ibcr5,card,0.971,0.8181818181818181,aac6'ibcr11,aac6'ibcr5,0.8181818181818181,0.9580433823776393,0.1398615641958212
aac(6')-Ib-cr11,aac6'ibcr11,ncbi,aac(6')-Ib-cr,aac6'ibcr,resfinder,0.968,0.8181818181818181,aac6'ibcr11,aac6'ibcr,0.8181818181818181,0.9542184295978926,0.13603661141607448
cfiA28,cfia28,ncbi,CcrA,ccra,card,0.985,0.33333333333333337,cfia,ccra,0.5,0.9758931620164573,0.47589316201645726
cfiA26,cfia26,ncbi,CcrA,ccra,card,0.976,0.33333333333333337,cfia,ccra,0.5,0.9644183036772171,0.46441830367721715
cfiA27,cfia27,ncbi,CcrA,ccra,card,0.982,0.33333333333333337,cfia,ccra,0.5,0.9720682092367106,0.47206820923671056
cfiA14,cfia14,resfinder,CcrA,ccra,card,0.981,0.33333333333333337,cfia,ccra,0.5,0.970793224976795,0.470793224976795
cfiA4,cfia4,resfinder,CcrA,ccra,card,0.975,0.4,cfia,ccra,0.5,0.9631433194173016,0.4631433194173016
aph(3')-IIc,aph3'iic,resfinder,aph(6),aph6,ncbi,1.0,0.375,aph3'iic,aph,0.375,0.9950179259151908,0.6200179259151908
cfiA1,cfia1,resfinder,CcrA,ccra,card,0.978,0.4,cfia,ccra,0.5,0.9669682721970483,0.4669682721970483
blaCMY-2b,cmy2b,resfinder,blaLAT-3,lat3,ncbi,1.0,0.0,cmy,lat,0.0,0.9950179259151908,0.9950179259151908
grmB,grmb,resfinder,grm,grm,ncbi,1.0,0.75,grmb,grm,0.75,0.9950179259151908,0.24501792591519078
tet,tet,resfinder,otr(A),otra,ncbi,1.0,0.25,tet,otra,0.25,0.9950179259151908,0.7450179259151908
tet(O/W/32/O/W/O),teto/w/32/o/w/o,resfinder,tet(O/W/32/O),teto/w/32/o,ncbi,1.0,0.7333333333333334,teto/w/32/o/w/o,teto/w/32/o,0.7333333333333334,0.9950179259151908,0.2616845925818574
blaMOR-2,mor2,resfinder,DHA-20,dha20,card,0.954,0.19999999999999996,mor,dha,0.0,0.9363686499590744,0.9363686499590744
cfiA10,cfia10,resfinder,CcrA,ccra,card,0.974,0.33333333333333337,cfia,ccra,0.5,0.961868335157386,0.461868335157386
cfiA8,cfia8,resfinder,CcrA,ccra,card,0.973,0.4,cfia,ccra,0.5,0.9605933508974704,0.46059335089747044
cfiA9,cfia9,resfinder,CcrA,ccra,card,0.974,0.4,cfia,ccra,0.5,0.961868335157386,0.461868335157386
tet(S/M),tets/m,resfinder,tet(S),tets,ncbi,0.998,0.6666666666666667,tets/m,tets,0.6666666666666667,0.9924679573953596,0.3258012907286929
blaOXA-SHE,oxashe,resfinder,blaOXA-729,oxa729,ncbi,1.0,0.5,oxashe,oxa,0.5,0.9950179259151908,0.4950179259151908
aph(2'')-Ia,aph2''ia,resfinder,AAC(6')-Ie-APH(2'')-Ia,aac6'ieaph2''ia,card,0.984,0.5333333333333333,aph2''ia,aac6'ieaph2''ia,0.5333333333333333,0.9746181777565417,0.44128484442320837
aph(2'')-Ia,aph2''ia,resfinder,aac(6')-Ie/aph(2'')-Ia,aac6'ie/aph2''ia,ncbi,0.98,0.5,aph2''ia,aac6'ie/aph2''ia,0.5,0.9695182407168794,0.4695182407168794
cfiA2,cfia2,resfinder,CcrA,ccra,card,0.978,0.4,cfia,ccra,0.5,0.9669682721970483,0.4669682721970483
cfiA3,cfia3,resfinder,CcrA,ccra,card,0.978,0.4,cfia,ccra,0.5,0.9669682721970483,0.4669682721970483
aac(6')Ib-cr,aac6'ibcr,resfinder,AAC(6')-Ib-Suzhou,aac6'ibsuzhou,card,1.0,0.5384615384615384,aac6'ibcr,aac6'ibsuzhou,0.5384615384615384,0.9950179259151908,0.45655638745365235
aac(6')Ib-cr,aac6'ibcr,resfinder,aac(6')-Ib3,aac6'ib3,ncbi,0.988,0.7777777777777778,aac6'ibcr,aac6'ib3,0.7777777777777778,0.979718114796204,0.20194033701842617
aph(4)-Ib,aph4ib,resfinder,APH(7'')-Ia,aph7''ia,card,1.0,0.5,aph,aph7''ia,0.375,0.9950179259151908,0.6200179259151908
aph(4)-Ib,aph4ib,resfinder,aph(7'')-Ia,aph7''ia,ncbi,1.0,0.5,aph,aph7''ia,0.375,0.9950179259151908,0.6200179259151908
blaCMG,cmg,resfinder,blaACT-62,act62,ncbi,0.961,0.19999999999999996,cmg,act,0.0,0.9452935397784834,0.9452935397784834
cfiA6,cfia6,resfinder,CcrA,ccra,card,0.978,0.4,cfia,ccra,0.5,0.9669682721970483,0.4669682721970483
